call_id,user_one_id,created_at,updated_at
4,15,2022-10-31 17:58:36,0
5,22,2022-11-01 10:08:23,0
6,15,2022-11-01 10:13:06,0
7,21,2022-11-01 10:28:10,0
8,22,2022-11-01 10:30:30,0
9,21,2022-11-01 10:56:32,0
10,15,2022-11-01 11:42:32,0
11,26,2022-11-01 14:23:58,0
12,22,2022-11-01 14:58:58,0
14,22,2022-11-01 17:45:22,0
15,15,2022-11-01 17:55:19,0
16,21,2022-11-03 08:22:36,0
18,22,2022-11-03 10:02:20,0
19,22,2022-11-03 10:48:55,0
20,22,2022-11-03 10:49:33,0
21,15,2022-11-04 08:32:44,0
22,28,2022-11-04 08:56:51,0
23,15,2022-11-04 09:30:09,0
24,21,2022-11-04 09:35:22,0
25,21,2022-11-04 10:31:41,0
26,28,2022-11-07 08:42:39,0
27,28,2022-11-07 09:25:23,0
28,28,2022-11-07 10:16:35,0
29,28,2022-11-07 10:21:24,0
30,15,2022-11-07 10:46:50,0
31,28,2022-11-07 11:00:49,0
32,15,2022-11-07 14:24:02,0
33,21,2022-11-07 15:18:53,0
34,26,2022-11-07 15:19:46,0
35,26,2022-11-07 16:05:36,0
37,22,2022-11-08 08:24:04,0
38,15,2022-11-08 08:46:39,0
39,28,2022-11-08 08:57:34,0
40,21,2022-11-08 10:14:01,0
41,22,2022-11-08 10:15:15,0
43,26,2022-11-08 14:39:33,0
44,26,2022-11-08 16:03:48,0
54,21,2022-11-09 09:21:52,0
55,15,2022-11-09 09:23:28,0
56,28,2022-11-09 09:40:14,0
57,21,2022-11-10 08:43:50,0
58,22,2022-11-10 09:06:12,0
59,22,2022-11-10 10:48:42,0
60,15,2022-11-10 12:13:44,0
61,15,2022-11-10 14:32:49,0
62,15,2022-11-10 14:35:25,0
63,15,2022-11-10 14:37:33,0
64,26,2022-11-10 14:57:16,0
65,21,2022-11-10 16:01:55,0
66,15,2022-11-11 08:18:14,0
67,22,2022-11-11 08:36:53,0
68,15,2022-11-11 08:48:18,0
69,15,2022-11-11 09:14:08,0
70,21,2022-11-11 09:38:25,0
71,28,2022-11-11 09:58:37,0
72,28,2022-11-11 10:14:22,0
73,21,2022-11-11 10:30:28,0
74,28,2022-11-11 10:44:40,0
75,21,2022-11-11 10:56:47,0
76,21,2022-11-11 11:24:02,0
77,28,2022-11-11 11:34:20,0
78,15,2022-11-11 11:42:09,0
79,26,2022-11-14 09:23:17,0
80,21,2022-11-14 09:41:44,0
81,15,2022-11-14 09:42:20,0
83,15,2022-11-14 18:52:28,0
84,15,2022-11-16 08:21:09,0
85,15,2022-11-16 08:29:00,0
86,21,2022-11-16 09:43:59,0
87,15,2022-11-16 09:48:14,0
88,21,2022-11-16 09:57:52,0
89,21,2022-11-17 09:04:47,0
91,15,2022-11-17 10:32:21,0
92,15,2022-11-17 10:42:08,0
93,26,2022-11-17 14:07:05,0
94,26,2022-11-17 15:45:54,0
95,22,2022-11-18 09:27:21,0
96,22,2022-11-18 09:27:42,0
97,15,2022-11-21 08:28:52,0
98,21,2022-11-21 09:07:25,0
99,22,2022-11-21 09:11:49,0
100,28,2022-11-21 09:16:49,0
101,28,2022-11-21 09:52:49,0
102,28,2022-11-21 10:12:51,0
103,21,2022-11-21 10:25:59,0
104,28,2022-11-22 08:40:11,0
105,15,2022-11-22 09:38:40,0
106,21,2022-11-22 09:46:18,0
109,15,2022-11-23 08:27:28,0
110,22,2022-11-23 08:44:54,0
111,21,2022-11-23 08:45:32,0
112,22,2022-11-23 09:12:55,0
113,15,2022-11-23 09:39:17,0
114,22,2022-11-23 09:55:27,0
115,22,2022-11-23 14:23:54,0
116,26,2022-11-23 15:33:05,0
117,15,2022-11-24 09:16:03,0
118,21,2022-11-24 09:23:40,0
119,21,2022-11-24 09:33:32,0
120,22,2022-11-24 10:20:46,0
121,21,2022-11-24 10:47:49,0
122,22,2022-11-24 10:59:02,0
123,15,2022-11-24 11:50:22,0
124,22,2022-11-25 11:04:47,0
125,28,2022-11-28 07:03:19,0
127,30,2022-11-29 09:15:22,0
128,22,2022-11-29 09:48:35,0
129,28,2022-11-29 10:24:48,0
130,21,2022-11-29 10:58:20,0
131,24,2022-11-29 11:30:35,0
132,21,2022-11-29 11:35:05,0
134,26,2022-11-29 14:50:57,0
135,26,2022-11-29 15:16:40,0
136,30,2022-11-30 10:32:40,0
137,21,2022-11-30 11:38:09,0
138,22,2022-12-01 10:29:11,0
139,22,2022-12-01 10:29:59,0
140,15,2022-12-01 10:32:07,0
141,21,2022-12-01 10:43:23,0
142,22,2022-12-01 11:26:59,0
143,22,2022-12-01 11:51:16,0
144,15,2022-12-01 11:52:23,0
145,15,2022-12-02 08:33:49,0
146,28,2022-12-02 09:12:49,0
147,22,2022-12-02 09:21:23,0
148,15,2022-12-02 10:29:55,0
149,21,2022-12-02 10:34:19,0
150,21,2022-12-02 10:35:28,0
151,15,2022-12-02 10:47:25,0
152,26,2022-12-05 08:22:00,0
153,29,2022-12-05 08:29:50,0
154,29,2022-12-05 08:47:47,0
155,28,2022-12-05 08:55:41,0
156,26,2022-12-05 09:01:33,0
158,26,2022-12-05 09:31:38,0
159,26,2022-12-05 10:50:36,0
160,22,2022-12-05 10:52:07,0
161,22,2022-12-05 10:52:35,0
162,30,2022-12-05 11:00:56,0
163,26,2022-12-05 11:16:35,0
164,22,2022-12-05 11:35:49,0
165,24,2022-12-06 08:55:49,0
166,24,2022-12-06 08:56:40,0
167,15,2022-12-06 09:12:14,0
168,28,2022-12-06 09:34:37,0
169,15,2022-12-06 11:07:35,0
170,15,2022-12-06 14:48:22,0
171,15,2022-12-06 16:40:13,0
172,15,2022-12-07 08:29:46,0
173,15,2022-12-07 09:42:15,0
174,21,2022-12-07 10:01:15,0
175,26,2022-12-07 11:40:02,0
176,28,2022-12-08 08:18:05,0
177,22,2022-12-08 08:49:13,0
178,22,2022-12-08 09:09:07,0
179,28,2022-12-08 09:24:23,0
180,22,2022-12-08 10:09:25,0
181,22,2022-12-09 09:47:47,0
182,15,2022-12-09 09:48:57,0
183,28,2022-12-12 08:34:18,0
184,28,2022-12-12 08:49:06,0
186,15,2022-12-12 08:53:23,0
187,15,2022-12-12 08:53:52,0
188,15,2022-12-12 09:12:38,0
189,15,2022-12-12 09:56:24,0
190,28,2022-12-12 10:42:27,0
191,15,2022-12-12 10:43:28,0
192,28,2022-12-12 10:47:45,0
193,24,2022-12-12 10:53:42,0
194,28,2022-12-12 13:57:27,0
195,21,2022-12-12 14:27:58,0
196,21,2022-12-12 14:31:22,0
197,21,2022-12-12 15:05:29,0
198,30,2022-12-12 15:34:15,0
199,15,2022-12-13 08:17:22,0
200,15,2022-12-13 08:27:56,0
201,22,2022-12-13 08:32:10,0
202,21,2022-12-13 09:30:28,0
203,15,2022-12-13 09:33:32,0
204,15,2022-12-13 09:59:59,0
205,15,2022-12-13 10:13:04,0
206,28,2022-12-13 10:14:41,0
207,15,2022-12-13 10:48:09,0
208,28,2022-12-13 10:49:33,0
209,21,2022-12-13 11:32:39,0
210,21,2022-12-13 11:33:12,0
211,29,2022-12-14 08:36:30,0
212,21,2022-12-14 09:27:24,0
214,15,2022-12-14 10:18:56,0
215,15,2022-12-14 11:15:12,0
216,28,2022-12-15 08:28:38,0
217,28,2022-12-15 09:31:26,0
218,15,2022-12-15 09:33:09,0
219,29,2022-12-15 09:41:18,0
220,21,2022-12-15 11:07:07,0
221,21,2022-12-15 11:07:38,0
222,15,2022-12-16 08:24:50,0
223,22,2022-12-16 08:35:36,0
224,28,2022-12-19 09:04:34,0
225,21,2022-12-19 09:37:26,0
226,28,2022-12-19 11:33:10,0
227,28,2022-12-19 11:33:10,0
228,28,2022-12-20 08:24:35,0
229,28,2022-12-20 08:26:07,0
231,29,2022-12-20 08:49:16,0
232,28,2022-12-20 08:59:38,0
233,30,2022-12-20 09:09:16,0
236,28,2022-12-20 11:05:56,0
237,22,2022-12-20 11:06:55,0
238,30,2022-12-21 08:15:18,0
239,21,2022-12-21 09:20:46,0
240,28,2022-12-21 09:29:32,0
241,21,2022-12-21 11:13:07,0
242,28,2022-12-23 10:48:42,0
243,28,2022-12-26 08:53:19,0
244,22,2022-12-26 09:23:36,0
245,21,2022-12-26 09:47:37,0
246,28,2022-12-27 10:21:58,0
247,15,2022-12-27 10:29:32,0
248,15,2022-12-27 10:46:30,0
249,28,2022-12-28 08:12:11,0
250,22,2022-12-28 09:44:40,0
253,28,2022-12-30 10:04:22,0
254,28,2023-01-02 10:19:19,0
255,21,2023-01-03 08:33:50,0
256,26,2023-01-03 08:38:12,0
257,29,2023-01-03 08:52:30,0
258,28,2023-01-03 11:18:01,0
259,28,2023-01-04 08:23:55,0
260,15,2023-01-04 08:25:50,0
262,26,2023-01-04 08:38:02,0
263,22,2023-01-04 08:45:59,0
264,28,2023-01-04 09:07:22,0
265,26,2023-01-04 11:19:38,0
266,15,2023-01-05 08:33:43,0
267,21,2023-01-05 08:52:38,0
268,26,2023-01-05 08:57:20,0
269,22,2023-01-05 09:43:27,0
270,21,2023-01-05 09:56:09,0
272,21,2023-01-05 10:53:24,0
273,15,2023-01-05 11:24:33,0
274,21,2023-01-05 11:26:55,0
275,29,2023-01-06 08:12:28,0
276,15,2023-01-06 08:17:43,0
277,26,2023-01-06 08:22:58,0
278,26,2023-01-06 08:25:27,0
279,15,2023-01-06 08:46:51,0
280,21,2023-01-06 09:11:52,0
281,22,2023-01-06 09:36:09,0
282,26,2023-01-06 09:41:05,0
283,26,2023-01-06 09:55:32,0
284,29,2023-01-06 11:01:56,0
285,29,2023-01-06 11:42:59,0
286,26,2023-01-06 17:10:16,0
287,22,2023-01-09 08:50:42,0
288,28,2023-01-09 09:04:49,0
289,29,2023-01-09 09:10:26,0
290,21,2023-01-09 09:19:01,0
291,15,2023-01-09 09:43:27,0
292,15,2023-01-10 08:23:29,0
294,21,2023-01-11 08:18:04,0
295,28,2023-01-11 09:22:08,0
296,28,2023-01-12 08:55:05,0
297,21,2023-01-12 11:10:27,0
298,28,2023-01-13 08:28:03,0
299,28,2023-01-13 08:52:39,0
300,22,2023-01-13 09:39:40,0
301,26,2023-01-16 21:13:56,0
303,26,2023-01-16 21:14:17,0
304,26,2023-01-16 21:14:58,0
305,26,2023-01-16 21:15:17,0
306,15,2023-01-17 08:17:41,0
307,15,2023-01-17 08:47:16,0
311,26,2023-01-17 17:44:16,0
313,21,2023-01-18 10:47:09,0
314,15,2023-01-18 11:32:39,0
315,21,2023-01-18 11:42:38,0
316,21,2023-01-18 21:47:51,0
318,21,2023-01-19 09:12:53,0
321,15,2023-01-19 09:53:43,0
322,28,2023-01-19 10:32:42,0
324,28,2023-01-20 08:12:45,0
325,28,2023-01-20 10:06:33,0
326,26,2023-01-20 14:14:05,0
327,26,2023-01-20 14:14:51,0
328,26,2023-01-20 16:14:04,0
329,15,2023-01-23 10:25:09,0
330,26,2023-01-23 17:31:00,0
331,26,2023-01-23 17:31:21,0
332,28,2023-01-24 08:15:15,0
334,15,2023-01-24 08:19:51,0
335,28,2023-01-24 08:38:07,0
336,21,2023-01-24 10:03:30,0
337,26,2023-01-24 15:41:57,0
338,26,2023-01-24 15:42:18,0
340,21,2023-01-25 09:10:47,0
342,22,2023-01-25 11:01:54,0
343,15,2023-01-26 08:24:32,0
345,22,2023-01-26 09:01:01,0
346,15,2023-01-26 10:10:21,0
347,15,2023-01-26 10:19:31,0
349,28,2023-01-27 11:18:42,0
350,15,2023-01-27 11:41:48,0
351,28,2023-01-30 08:18:13,0
352,28,2023-01-30 08:28:46,0
353,15,2023-01-30 08:47:39,0
354,21,2023-01-30 09:35:30,0
355,29,2023-01-31 08:32:06,0
356,15,2023-01-31 08:54:44,0
357,29,2023-01-31 09:11:13,0
358,21,2023-01-31 09:29:01,0
359,29,2023-01-31 10:16:26,0
360,29,2023-01-31 10:49:24,0
361,28,2023-01-31 11:28:25,0
362,21,2023-02-01 10:11:01,0
363,15,2023-02-01 10:46:53,0
364,22,2023-02-01 11:04:17,0
365,21,2023-02-02 09:10:58,0
366,21,2023-02-02 10:30:17,0
367,28,2023-02-02 11:15:09,0
368,28,2023-02-03 08:31:38,0
369,15,2023-02-06 08:36:16,0
370,21,2023-02-06 09:34:05,0
371,22,2023-02-07 08:26:42,0
372,15,2023-02-07 08:39:44,0
373,28,2023-02-07 08:51:49,0
374,21,2023-02-07 10:04:49,0
375,29,2023-02-07 10:20:05,0
376,21,2023-02-07 11:18:31,0
377,21,2023-02-08 11:11:22,0
378,26,2023-02-08 11:12:03,0
379,28,2023-02-09 08:35:57,0
380,15,2023-02-09 08:53:27,0
381,22,2023-02-09 09:05:13,0
382,21,2023-02-09 09:26:42,0
383,28,2023-02-09 11:00:34,0
384,21,2023-02-09 15:02:26,0
385,25,2023-02-10 09:47:30,0
386,22,2023-02-10 09:55:37,0
387,28,2023-02-10 10:14:39,0
388,21,2023-02-10 10:20:36,0
391,21,2023-02-10 15:38:59,0
392,21,2023-02-10 16:29:33,0
393,28,2023-02-13 08:37:43,0
394,29,2023-02-13 08:58:12,0
395,29,2023-02-13 09:50:38,0
396,21,2023-02-13 15:41:24,0
397,15,2023-02-13 15:41:58,0
399,29,2023-02-14 08:58:27,0
400,21,2023-02-14 09:20:42,0
402,15,2023-02-14 11:02:57,0
403,15,2023-02-15 08:07:58,0
404,29,2023-02-15 09:15:50,0
405,29,2023-02-15 10:09:50,0
406,22,2023-02-15 10:22:56,0
407,22,2023-02-15 14:40:08,0
408,22,2023-02-15 15:10:55,0
409,15,2023-02-16 08:51:03,0
410,29,2023-02-16 09:01:42,0
411,21,2023-02-16 09:03:09,0
412,21,2023-02-16 09:49:46,0
413,21,2023-02-16 10:27:12,0
414,26,2023-02-16 15:12:44,0
415,29,2023-02-17 08:36:56,0
417,22,2023-02-17 09:19:19,0
418,15,2023-02-17 16:56:19,0
419,21,2023-02-22 14:38:11,0
420,28,2023-02-22 15:35:10,0
421,29,2023-02-23 09:02:55,0
422,29,2023-02-23 09:29:42,0
423,29,2023-02-23 09:33:51,0
425,26,2023-02-23 11:03:52,0
426,26,2023-02-23 11:09:51,0
427,26,2023-02-23 16:38:24,0
428,21,2023-02-23 17:28:04,0
429,29,2023-02-24 09:15:17,0
430,21,2023-02-27 08:44:27,0
431,29,2023-02-27 08:45:02,0
432,22,2023-02-27 09:16:58,0
434,22,2023-02-28 14:17:38,0
435,15,2023-02-28 14:18:29,0
436,28,2023-02-28 15:22:12,0
437,28,2023-02-28 16:10:33,0
440,21,2023-03-01 09:47:53,0
441,22,2023-03-01 10:02:00,0
442,21,2023-03-02 09:26:31,0
443,22,2023-03-02 09:48:22,0
444,22,2023-03-02 10:25:29,0
445,22,2023-03-02 11:05:43,0
446,21,2023-03-02 16:22:53,0
447,21,2023-03-02 16:23:35,0
448,15,2023-03-03 08:25:11,0
449,15,2023-03-03 10:00:24,0
451,29,2023-03-03 10:12:25,0
454,26,2023-03-03 16:02:53,0
455,15,2023-03-06 08:25:59,0
456,15,2023-03-06 08:43:42,0
457,29,2023-03-06 08:49:00,0
458,22,2023-03-06 08:59:14,0
459,22,2023-03-06 08:59:38,0
460,22,2023-03-06 09:00:26,0
461,22,2023-03-06 09:11:52,0
462,22,2023-03-06 09:16:10,0
463,21,2023-03-06 09:49:13,0
465,22,2023-03-06 10:13:35,0
466,26,2023-03-06 15:02:35,0
467,21,2023-03-07 08:32:15,0
468,21,2023-03-07 10:06:48,0
469,26,2023-03-07 10:22:18,0
470,29,2023-03-09 08:23:46,0
472,15,2023-03-09 14:19:51,0
473,29,2023-03-13 08:30:28,0
474,29,2023-03-13 08:30:57,0
475,15,2023-03-13 08:46:37,0
476,15,2023-03-13 09:03:07,0
477,21,2023-03-13 09:08:47,0
478,15,2023-03-13 09:27:30,0
479,29,2023-03-13 09:42:53,0
480,29,2023-03-13 09:46:24,0
481,15,2023-03-13 10:03:03,0
482,15,2023-03-13 10:26:40,0
484,15,2023-03-13 10:45:33,0
485,29,2023-03-13 11:16:23,0
486,15,2023-03-13 16:15:31,0
487,15,2023-03-14 08:24:46,0
489,29,2023-03-14 09:00:17,0
490,24,2023-03-14 10:01:55,0
491,29,2023-03-14 10:39:24,0
493,29,2023-03-14 11:24:26,0
494,29,2023-03-14 11:55:51,0
495,30,2023-03-15 08:27:07,0
496,15,2023-03-15 08:29:22,0
497,30,2023-03-15 08:34:04,0
498,30,2023-03-15 08:44:52,0
499,30,2023-03-15 08:54:14,0
500,15,2023-03-15 09:25:47,0
501,15,2023-03-16 08:18:49,0
502,15,2023-03-16 08:22:58,0
503,30,2023-03-16 08:23:24,0
504,15,2023-03-16 08:32:56,0
505,30,2023-03-16 08:35:06,0
506,15,2023-03-16 09:44:02,0
507,30,2023-03-16 10:53:57,0
508,15,2023-03-16 17:58:13,0
509,22,2023-03-17 09:04:19,0
510,15,2023-03-17 09:07:42,0
511,29,2023-03-17 09:20:59,0
512,15,2023-03-17 10:25:31,0
513,22,2023-03-17 11:09:05,0
514,29,2023-03-20 08:16:51,0
515,15,2023-03-20 08:18:35,0
516,15,2023-03-20 08:20:21,0
517,29,2023-03-20 08:34:02,0
519,29,2023-03-20 09:23:22,0
523,30,2023-03-20 14:37:58,0
525,15,2023-03-21 08:29:40,0
526,15,2023-03-21 09:01:22,0
527,21,2023-03-21 09:13:16,0
528,21,2023-03-21 09:29:44,0
530,29,2023-03-21 10:43:09,0
531,30,2023-03-21 11:08:53,0
532,30,2023-03-21 11:18:55,0
533,15,2023-03-21 14:19:27,0
534,15,2023-03-21 16:35:35,0
535,30,2023-03-22 08:59:37,0
536,21,2023-03-22 09:01:42,0
537,21,2023-03-22 09:46:55,0
538,15,2023-03-22 09:52:59,0
539,15,2023-03-22 11:02:26,0
540,21,2023-03-23 08:32:37,0
541,22,2023-03-23 10:23:08,0
542,21,2023-03-23 10:24:15,0
543,15,2023-03-23 15:48:47,0
544,15,2023-03-24 08:17:59,0
545,15,2023-03-24 08:21:36,0
546,15,2023-03-24 08:23:53,0
547,15,2023-03-24 08:30:26,0
548,15,2023-03-24 08:41:59,0
549,21,2023-03-24 09:02:27,0
550,21,2023-03-24 09:36:38,0
551,15,2023-03-24 09:53:06,0
552,15,2023-03-24 10:04:11,0
553,15,2023-03-24 10:25:32,0
554,15,2023-03-24 10:47:37,0
555,15,2023-03-24 10:53:29,0
556,15,2023-03-24 11:19:06,0
557,21,2023-03-24 11:36:45,0
558,30,2023-03-27 08:52:17,0
561,26,2023-03-27 14:22:15,0
562,21,2023-03-28 08:23:54,0
564,21,2023-03-28 08:55:06,0
567,15,2023-03-29 08:20:07,0
569,21,2023-03-29 09:35:07,0
570,21,2023-03-29 10:12:03,0
572,21,2023-03-29 10:33:39,0
573,22,2023-03-29 10:46:52,0
574,29,2023-03-30 08:19:30,0
575,22,2023-03-30 08:29:42,0
576,22,2023-03-30 08:30:25,0
577,29,2023-03-30 09:03:26,0
578,15,2023-03-30 15:32:38,0
579,15,2023-03-30 16:38:01,0
581,29,2023-03-31 09:08:06,0
582,15,2023-03-31 09:41:32,0
583,22,2023-03-31 09:44:28,0
584,30,2023-03-31 10:21:10,0
585,15,2023-03-31 10:23:05,0
586,15,2023-03-31 10:42:11,0
587,15,2023-03-31 10:42:18,0
588,15,2023-03-31 10:42:44,0
596,30,2023-04-03 09:46:36,0
597,21,2023-04-03 11:06:20,0
598,22,2023-04-04 08:59:10,0
599,30,2023-04-04 09:08:12,0
600,15,2023-04-04 09:13:34,0
601,15,2023-04-04 09:16:16,0
602,15,2023-04-04 09:29:31,0
603,15,2023-04-04 09:47:36,0
604,30,2023-04-04 09:58:09,0
605,22,2023-04-04 10:15:55,0
606,21,2023-04-04 11:02:03,0
607,30,2023-04-04 11:04:09,0
608,30,2023-04-04 11:31:16,0
609,15,2023-04-04 14:20:16,0
610,30,2023-04-05 08:51:21,0
611,22,2023-04-05 08:51:42,0
612,28,2023-04-05 09:10:24,0
613,30,2023-04-05 10:20:39,0
614,21,2023-04-05 10:34:11,0
615,29,2023-04-05 10:44:39,0
616,15,2023-04-05 11:09:51,0
620,29,2023-04-06 08:17:41,0
621,15,2023-04-06 09:25:32,0
622,15,2023-04-06 09:29:57,0
624,29,2023-04-06 09:46:46,0
625,25,2023-04-06 10:10:06,0
626,26,2023-04-06 10:13:52,0
627,26,2023-04-06 10:14:17,0
628,22,2023-04-06 10:28:47,0
630,21,2023-04-06 10:59:20,0
631,22,2023-04-06 11:15:57,0
632,22,2023-04-06 14:49:15,0
633,22,2023-04-06 15:24:56,0
634,21,2023-04-10 08:45:39,0
635,29,2023-04-10 10:10:55,0
636,21,2023-04-10 10:39:46,0
638,21,2023-04-11 09:00:08,0
642,29,2023-04-11 11:15:43,0
643,30,2023-04-12 08:36:29,0
644,21,2023-04-12 09:31:03,0
646,30,2023-04-13 08:17:10,0
647,29,2023-04-13 10:00:23,0
649,15,2023-04-13 11:47:49,0
650,29,2023-04-14 08:56:12,0
651,30,2023-04-14 10:58:00,0
652,30,2023-04-17 08:24:49,0
653,30,2023-04-17 08:56:17,0
654,21,2023-04-17 09:32:58,0
655,15,2023-04-17 10:18:08,0
656,22,2023-04-17 10:39:06,0
657,30,2023-04-17 10:53:46,0
658,28,2023-04-17 14:38:54,0
659,22,2023-04-17 15:27:02,0
660,15,2023-04-18 08:52:23,0
661,21,2023-04-18 09:38:53,0
662,30,2023-04-18 09:45:54,0
663,22,2023-04-18 10:22:57,0
664,21,2023-04-19 10:08:41,0
667,15,2023-04-19 10:34:42,0
668,15,2023-04-19 10:38:12,0
670,15,2023-04-20 10:15:30,0
671,15,2023-04-20 10:15:51,0
672,15,2023-04-24 09:10:34,0
673,15,2023-04-24 11:58:07,0
674,15,2023-04-25 08:56:31,0
675,29,2023-04-25 09:41:11,0
676,21,2023-04-25 09:57:31,0
677,15,2023-04-25 10:35:43,0
678,15,2023-04-25 10:36:16,0
679,15,2023-04-25 10:38:49,0
680,22,2023-04-25 10:47:20,0
681,29,2023-04-25 11:29:43,0
683,15,2023-04-25 16:44:02,0
684,21,2023-04-26 09:19:26,0
693,21,2023-04-27 11:38:24,0
698,15,2023-04-28 09:47:48,0
704,21,2023-05-02 09:13:16,0
705,28,2023-05-03 14:48:39,0
707,28,2023-05-04 11:25:08,0
708,21,2023-05-04 16:50:48,0
709,21,2023-05-05 10:27:16,0
710,15,2023-05-08 08:48:06,0
711,21,2023-05-08 09:02:19,0
712,29,2023-05-08 10:02:10,0
713,21,2023-05-08 10:37:44,0
714,21,2023-05-08 10:37:56,0
715,15,2023-05-08 11:03:13,0
716,15,2023-05-08 14:10:18,0
717,21,2023-05-08 15:01:18,0
718,21,2023-05-09 08:44:04,0
719,21,2023-05-09 09:13:45,0
720,15,2023-05-09 09:57:42,0
721,15,2023-05-09 10:10:35,0
722,21,2023-05-09 10:41:04,0
723,21,2023-05-10 08:55:00,0
724,15,2023-05-10 09:47:48,0
725,15,2023-05-11 08:29:06,0
726,23,2023-05-11 09:26:22,0
727,21,2023-05-11 10:19:43,0
728,21,2023-05-11 10:20:56,0
730,22,2023-05-11 10:45:54,0
731,21,2023-05-12 08:28:50,0
733,22,2023-05-12 09:51:20,0
735,22,2023-05-12 10:43:42,0
736,29,2023-05-15 08:19:57,0
737,21,2023-05-15 08:26:44,0
739,15,2023-05-15 09:20:29,0
740,29,2023-05-15 09:33:32,0
741,15,2023-05-15 09:41:57,0
743,15,2023-05-15 10:17:44,0
744,22,2023-05-15 11:09:34,0
745,15,2023-05-16 09:53:48,0
746,21,2023-05-16 11:50:49,0
747,28,2023-05-16 14:12:31,0
748,21,2023-05-16 14:14:26,0
749,21,2023-05-16 15:08:54,0
750,15,2023-05-16 15:40:56,0
751,21,2023-05-16 15:47:58,0
752,15,2023-05-17 08:28:52,0
753,22,2023-05-17 08:57:19,0
754,21,2023-05-18 08:47:33,0
755,15,2023-05-18 09:13:06,0
756,22,2023-05-18 10:02:24,0
757,15,2023-05-18 10:38:45,0
758,21,2023-05-18 10:51:26,0
761,15,2023-05-19 09:13:20,0
763,15,2023-05-19 15:52:14,0
764,22,2023-05-22 10:56:05,0
765,22,2023-05-22 10:56:29,0
767,21,2023-05-23 10:37:50,0
768,21,2023-05-23 11:15:27,0
769,22,2023-05-24 08:34:16,0
771,21,2023-05-24 14:52:12,0
774,15,2023-05-25 10:46:01,0
775,21,2023-05-25 10:49:44,0
777,22,2023-05-26 10:37:32,0
778,22,2023-05-29 08:26:47,0
779,15,2023-05-29 09:11:59,0
780,15,2023-05-29 09:15:26,0
781,21,2023-05-29 10:38:11,0
782,21,2023-05-30 08:28:47,0
784,15,2023-05-30 10:31:23,0
787,33,2023-06-01 08:47:26,0
788,21,2023-06-01 11:08:20,0
789,21,2023-06-01 14:35:42,0
790,15,2023-06-01 14:36:07,0
791,15,2023-06-01 14:36:07,0
792,28,2023-06-02 08:15:31,0
793,26,2023-06-02 10:31:34,0
794,15,2023-06-02 10:54:41,0
795,15,2023-06-02 10:55:09,0
796,15,2023-06-02 12:07:53,0
797,22,2023-06-05 08:23:16,0
798,33,2023-06-05 08:23:18,0
799,22,2023-06-05 08:43:16,0
800,21,2023-06-05 08:52:23,0
802,34,2023-06-05 09:51:39,0
805,33,2023-06-06 10:57:08,0
806,22,2023-06-07 08:47:20,0
807,21,2023-06-07 08:52:33,0
808,15,2023-06-07 09:27:01,0
810,15,2023-06-12 08:43:20,0
811,32,2023-06-12 08:50:05,0
812,15,2023-06-12 09:04:31,0
813,15,2023-06-12 10:10:07,0
815,32,2023-06-13 08:38:39,0
816,33,2023-06-14 09:11:11,0
817,15,2023-06-14 10:35:58,0
818,21,2023-06-15 09:30:18,0
819,15,2023-06-15 10:35:17,0
820,15,2023-06-16 09:03:03,0
822,33,2023-06-19 08:16:38,0
827,15,2023-06-20 09:18:51,0
828,15,2023-06-20 09:44:19,0
832,32,2023-06-22 09:32:05,0
833,32,2023-06-22 09:47:17,0
834,32,2023-06-22 10:29:31,0
835,35,2023-06-22 10:34:34,0
836,34,2023-06-23 09:14:52,0
837,15,2023-06-23 09:27:16,0
838,33,2023-06-26 08:37:12,0
839,33,2023-06-26 08:44:39,0
840,21,2023-06-26 08:45:16,0
841,15,2023-06-26 08:56:38,0
842,34,2023-06-26 10:50:25,0
843,33,2023-06-26 11:27:42,0
844,21,2023-06-27 08:22:06,0
845,33,2023-06-27 08:43:19,0
846,33,2023-06-27 09:40:14,0
847,33,2023-06-27 09:55:51,0
848,34,2023-06-27 10:23:24,0
850,34,2023-06-28 08:25:55,0
851,33,2023-06-28 09:12:37,0
853,35,2023-06-28 09:27:50,0
854,32,2023-06-28 09:42:34,0
856,34,2023-06-29 10:20:50,0
857,28,2023-06-29 14:02:35,0
858,32,2023-07-03 08:31:54,0
859,15,2023-07-03 08:45:47,0
860,15,2023-07-03 10:20:08,0
861,33,2023-07-03 10:50:32,0
862,34,2023-07-03 11:25:05,0
863,34,2023-07-04 08:22:37,0
864,34,2023-07-04 12:04:52,0
865,34,2023-07-04 12:05:53,0
866,28,2023-07-05 08:40:09,0
867,28,2023-07-05 08:41:17,0
868,15,2023-07-05 09:54:59,0
869,33,2023-07-06 10:30:08,0
870,33,2023-07-07 08:09:34,0
871,33,2023-07-07 09:46:37,0
873,0,2023-07-10 10:33:46,0
874,34,2023-07-10 11:35:16,0
875,15,2023-07-10 11:59:16,0
879,33,2023-07-11 08:14:23,0
880,34,2023-07-11 08:38:42,0
881,34,2023-07-11 08:41:28,0
883,33,2023-07-12 08:26:59,0
884,32,2023-07-12 09:47:25,0
885,15,2023-07-12 11:51:03,0
886,21,2023-07-13 09:29:52,0
887,15,2023-07-13 10:12:08,0
888,33,2023-07-13 10:21:50,0
889,21,2023-07-13 10:27:48,0
890,21,2023-07-13 10:28:42,0
894,15,2023-07-17 10:01:51,0
895,33,2023-07-17 10:13:19,0
896,33,2023-07-17 10:25:12,0
897,26,2023-07-17 10:56:55,0
899,33,2023-07-18 10:10:51,0
900,26,2023-07-19 08:50:57,0
902,33,2023-07-19 08:55:25,0
904,21,2023-07-19 09:12:09,0
906,26,2023-07-19 10:31:21,0
907,26,2023-07-19 10:59:12,0
908,15,2023-07-20 10:20:53,0
910,21,2023-07-20 10:31:49,0
911,28,2023-07-20 11:10:28,0
912,21,2023-07-21 09:49:48,0
914,21,2023-07-24 09:37:19,0
916,28,2023-07-25 09:16:03,0
917,26,2023-07-25 09:25:56,0
920,34,2023-07-25 10:07:01,0
922,15,2023-07-25 11:48:13,0
924,33,2023-07-27 08:55:57,0
927,26,2023-07-28 09:39:39,0
928,33,2023-07-31 08:25:45,0
929,33,2023-07-31 10:31:40,0
930,35,2023-08-01 08:11:28,0
932,34,2023-08-01 08:47:00,0
933,32,2023-08-01 09:08:19,0
934,32,2023-08-01 09:39:14,0
935,34,2023-08-02 08:35:22,0
936,15,2023-08-02 09:50:23,0
937,21,2023-08-02 09:51:40,0
938,33,2023-08-02 10:12:18,0
939,15,2023-08-02 10:36:53,0
941,34,2023-08-03 08:46:05,0
942,33,2023-08-03 09:19:28,0
943,33,2023-08-03 09:22:54,0
945,21,2023-08-04 09:45:12,0
946,33,2023-08-04 10:48:28,0
948,35,2023-08-07 09:30:15,0
949,32,2023-08-07 10:47:17,0
950,21,2023-08-08 09:02:40,0
951,34,2023-08-08 11:26:08,0
952,32,2023-08-09 08:34:05,0
953,32,2023-08-11 10:55:47,0
954,32,2023-08-11 11:19:21,0
955,35,2023-08-14 08:13:31,0
957,33,2023-08-15 10:33:10,0
960,34,2023-08-15 11:23:27,0
961,33,2023-08-17 09:18:03,0
962,33,2023-08-18 10:12:42,0
963,15,2023-08-21 10:51:17,0
966,33,2023-08-22 08:43:03,0
967,34,2023-08-22 10:17:05,0
968,15,2023-08-23 11:09:06,0
969,15,2023-08-23 11:38:18,0
970,35,2023-08-24 08:50:38,0
971,35,2023-08-24 09:10:05,0
972,21,2023-08-24 10:37:18,0
973,35,2023-08-25 08:12:51,0
974,34,2023-08-25 08:45:37,0
975,35,2023-08-25 09:01:58,0
976,15,2023-08-25 09:46:26,0
977,21,2023-08-25 09:47:07,0
978,21,2023-08-25 10:22:14,0
979,21,2023-08-25 10:23:03,0
980,22,2023-08-25 10:23:32,0
981,22,2023-08-25 10:29:32,0
982,21,2023-08-25 10:32:49,0
984,35,2023-08-25 10:59:54,0
986,35,2023-08-28 08:44:04,0
987,34,2023-08-28 08:53:53,0
988,15,2023-08-28 09:41:15,0
989,21,2023-08-28 09:51:59,0
990,34,2023-08-29 10:29:54,0
992,35,2023-08-30 08:26:14,0
994,15,2023-08-30 08:36:40,0
997,35,2023-08-30 08:54:47,0
998,22,2023-08-30 08:55:34,0
1000,21,2023-08-30 10:01:15,0
1002,21,2023-08-30 10:08:38,0
1003,33,2023-08-30 10:44:11,0
1004,21,2023-08-30 11:41:39,0
1006,34,2023-08-30 11:51:03,0
1008,34,2023-08-31 08:44:31,0
1009,34,2023-08-31 09:36:02,0
1011,35,2023-08-31 09:54:46,0
1012,15,2023-08-31 09:57:24,0
1013,21,2023-08-31 10:57:43,0
1014,35,2023-09-01 08:21:18,0
1016,35,2023-09-01 08:47:17,0
1018,34,2023-09-01 09:08:49,0
1019,22,2023-09-01 09:29:21,0
1020,33,2023-09-01 11:15:56,0
1021,35,2023-09-04 09:35:22,0
1022,34,2023-09-04 09:53:17,0
1024,35,2023-09-04 10:48:41,0
1025,35,2023-09-04 10:48:41,0
1026,35,2023-09-04 11:00:47,0
1027,34,2023-09-06 08:57:42,0
1031,33,2023-09-06 09:47:38,0
1032,35,2023-09-06 09:48:01,0
1033,15,2023-09-08 08:36:00,0
1034,15,2023-09-11 08:35:05,0
1035,15,2023-09-11 08:38:26,0
1038,15,2023-09-11 08:52:05,0
1039,34,2023-09-11 08:52:53,0
1041,34,2023-09-11 09:05:21,0
1043,33,2023-09-11 10:03:22,0
1044,35,2023-09-11 10:29:06,0
1045,21,2023-09-11 10:41:01,0
1046,33,2023-09-12 08:27:57,0
1048,35,2023-09-12 09:35:22,0
1049,34,2023-09-12 10:05:35,0
1058,21,2023-09-13 08:29:48,0
1060,34,2023-09-13 08:37:25,0
1061,33,2023-09-13 08:39:38,0
1063,35,2023-09-13 10:08:56,0
1065,33,2023-09-13 10:24:23,0
1066,15,2023-09-13 10:41:49,0
1067,35,2023-09-13 11:24:07,0
1070,15,2023-09-14 08:33:43,0
1074,21,2023-09-14 09:23:21,0
1075,21,2023-09-14 09:24:16,0
1076,21,2023-09-14 10:21:24,0
1080,21,2023-09-14 13:10:36,0
1081,21,2023-09-14 13:11:45,0
1083,15,2023-09-14 13:14:22,0
1086,35,2023-09-15 08:28:11,0
1087,33,2023-09-15 08:35:20,0
1088,33,2023-09-15 08:51:43,0
1089,15,2023-09-15 10:22:24,0
1091,21,2023-09-15 10:30:12,0
1092,33,2023-09-15 10:33:27,0
1093,33,2023-09-15 10:34:58,0
1094,35,2023-09-15 10:51:24,0
1095,35,2023-09-15 11:19:07,0
1096,21,2023-09-15 11:33:54,0
1097,21,2023-09-15 11:34:48,0
1098,33,2023-09-15 11:51:14,0
1099,22,2023-09-15 12:22:45,0
1100,15,2023-09-18 08:05:47,0
1101,33,2023-09-18 08:18:31,0
1102,15,2023-09-18 08:18:53,0
1103,34,2023-09-18 08:20:04,0
1104,33,2023-09-18 08:31:21,0
1105,33,2023-09-18 08:42:36,0
1106,34,2023-09-18 08:50:01,0
1109,34,2023-09-21 08:30:00,0
1110,15,2023-09-21 09:17:26,0
1111,35,2023-09-21 09:42:36,0
1112,35,2023-09-21 09:43:00,0
1116,35,2023-09-21 10:47:40,0
1117,35,2023-09-21 10:48:28,0
1118,22,2023-09-21 11:23:37,0
1119,15,2023-09-21 11:24:14,0
1121,15,2023-09-21 11:44:04,0
1123,15,2023-09-21 12:28:12,0
1124,26,2023-09-21 14:10:09,0
1125,28,2023-09-21 14:10:53,0
1126,15,2023-09-21 15:38:15,0
1127,21,2023-09-21 15:40:52,0
1128,33,2023-09-22 08:38:42,0
1132,33,2023-09-22 09:11:27,0
1133,15,2023-09-22 09:12:22,0
1135,21,2023-09-22 09:14:59,0
1136,33,2023-09-22 09:28:51,0
1138,34,2023-09-22 09:42:50,0
1140,21,2023-09-22 09:49:50,0
1141,21,2023-09-22 09:50:36,0
1142,15,2023-09-22 09:51:08,0
1143,34,2023-09-22 10:23:25,0
1144,35,2023-09-22 11:07:52,0
1145,35,2023-09-22 11:30:12,0
1150,34,2023-09-25 08:59:11,0
1153,35,2023-09-25 09:12:13,0
1155,21,2023-09-25 09:41:17,0
1156,15,2023-09-25 09:42:24,0
1158,33,2023-09-25 10:00:58,0
1159,33,2023-09-25 10:17:43,0
1162,34,2023-09-25 10:20:56,0
1164,33,2023-09-25 10:36:08,0
1165,22,2023-09-25 10:49:34,0
1166,21,2023-09-25 11:41:13,0
1168,35,2023-09-26 08:20:23,0
1170,21,2023-09-26 08:41:37,0
1171,33,2023-09-26 08:42:46,0
1172,21,2023-09-26 08:51:30,0
1173,33,2023-09-26 09:11:04,0
1175,21,2023-09-26 09:23:54,0
1177,34,2023-09-26 10:02:32,0
1182,34,2023-09-27 08:38:10,0
1183,34,2023-09-27 08:38:50,0
1185,35,2023-09-27 09:01:33,0
1186,35,2023-09-27 09:03:42,0
1187,33,2023-09-27 10:30:39,0
1188,33,2023-09-27 10:30:44,0
1189,34,2023-09-27 11:48:12,0
1190,35,2023-09-28 08:43:40,0
1193,34,2023-09-28 09:11:26,0
1194,15,2023-09-28 09:21:23,0
1195,21,2023-09-28 09:23:19,0
1197,35,2023-09-28 09:51:59,0
1198,35,2023-09-28 10:20:06,0
1199,33,2023-09-28 10:42:52,0
1202,34,2023-09-29 09:19:56,0
1204,35,2023-10-02 08:23:20,0
1206,33,2023-10-02 09:26:02,0
1208,35,2023-10-02 10:19:14,0
1209,34,2023-10-02 10:28:23,0
1211,15,2023-10-02 11:27:02,0
1212,15,2023-10-02 13:36:07,0
1213,15,2023-10-04 08:56:21,0
1214,21,2023-10-04 09:21:58,0
1215,15,2023-10-04 09:39:33,0
1217,35,2023-10-04 09:56:05,0
1218,21,2023-10-04 10:25:51,0
1219,22,2023-10-04 10:26:23,0
1221,21,2023-10-04 10:51:40,0
1223,15,2023-10-04 11:27:50,0
1224,15,2023-10-05 09:51:09,0
1227,15,2023-10-05 11:39:05,0
1229,35,2023-10-05 11:54:27,0
1230,15,2023-10-05 12:04:38,0
1232,34,2023-10-06 09:00:58,0
1233,35,2023-10-06 09:06:27,0
1234,15,2023-10-06 10:00:09,0
1235,21,2023-10-06 14:12:30,0
1236,33,2023-10-09 08:45:56,0
1237,22,2023-10-09 09:08:48,0
1238,22,2023-10-09 09:51:57,0
1240,34,2023-10-09 11:21:44,0
1242,33,2023-10-09 11:27:24,0
1243,35,2023-10-10 08:11:37,0
1245,34,2023-10-10 08:39:46,0
1247,34,2023-10-10 08:48:44,0
1250,15,2023-10-10 11:14:37,0
1251,35,2023-10-10 11:16:21,0
1252,35,2023-10-11 08:30:32,0
1254,35,2023-10-11 09:49:15,0
1255,35,2023-10-13 08:59:07,0
1256,21,2023-10-13 09:05:48,0
1257,35,2023-10-13 09:18:41,0
1259,35,2023-10-16 08:10:53,0
1260,35,2023-10-16 08:28:54,0
1261,35,2023-10-16 08:28:55,0
1265,35,2023-10-16 08:41:02,0
1266,34,2023-10-16 08:44:02,0
1267,34,2023-10-16 08:44:03,0
1268,34,2023-10-16 08:44:40,0
1272,35,2023-10-16 08:56:06,0
1273,15,2023-10-16 09:33:41,0
1274,15,2023-10-16 09:33:42,0
1275,15,2023-10-16 09:34:38,0
1277,21,2023-10-17 09:33:59,0
1279,35,2023-10-18 08:29:06,0
1282,34,2023-10-18 09:14:08,0
1285,33,2023-10-18 10:38:05,0
1287,15,2023-10-18 11:07:38,0
1289,33,2023-10-19 08:41:22,0
1291,15,2023-10-19 10:13:19,0
1292,21,2023-10-19 10:27:46,0
1294,34,2023-10-19 11:16:01,0
1295,15,2023-10-19 12:03:29,0
1296,35,2023-10-20 09:43:26,0
1298,35,2023-10-20 10:31:48,0
1300,15,2023-10-23 09:22:30,0
1302,35,2023-10-23 10:14:24,0
1303,35,2023-10-23 10:43:20,0
1305,35,2023-10-23 10:52:57,0
1306,21,2023-10-23 14:10:23,0
1309,35,2023-10-24 08:36:49,0
1310,15,2023-10-25 08:24:51,0
1312,35,2023-10-25 09:58:34,0
1314,15,2023-10-25 10:06:42,0
1316,34,2023-10-25 10:38:17,0
1317,15,2023-10-25 10:52:51,0
1319,33,2023-10-25 11:33:05,0
1320,15,2023-10-26 10:24:17,0
1322,22,2023-10-26 10:46:07,0
1324,33,2023-10-27 08:41:51,0
1326,34,2023-10-27 09:22:09,0
1328,33,2023-10-27 10:38:07,0
1330,35,2023-10-27 11:54:14,0
1331,34,2023-10-30 09:13:17,0
1332,22,2023-10-30 10:00:46,0
1333,35,2023-10-30 10:18:25,0
1334,34,2023-10-31 08:33:49,0
1335,21,2023-10-31 08:45:16,0
1336,15,2023-10-31 09:04:21,0
1337,15,2023-10-31 09:29:41,0
1338,35,2023-11-01 08:18:36,0
1340,15,2023-11-01 09:29:11,0
1342,34,2023-11-01 10:20:32,0
1344,21,2023-11-01 11:33:06,0
1346,15,2023-11-06 08:34:36,0
1348,35,2023-11-06 08:36:00,0
1349,33,2023-11-06 08:40:15,0
1351,34,2023-11-06 08:41:21,0
1353,15,2023-11-06 08:47:25,0
1355,21,2023-11-06 08:55:53,0
1356,22,2023-11-06 09:13:05,0
1357,15,2023-11-06 09:16:58,0
1358,15,2023-11-06 09:20:46,0
1361,33,2023-11-06 09:40:19,0
1362,15,2023-11-06 09:40:56,0
1363,34,2023-11-06 09:42:29,0
1366,21,2023-11-06 11:07:58,0
1367,21,2023-11-06 11:08:34,0
1369,33,2023-11-06 11:37:36,0
1370,15,2023-11-06 11:37:59,0
1371,15,2023-11-06 12:33:17,0
1373,33,2023-11-07 09:51:21,0
1374,33,2023-11-07 10:00:20,0
1376,32,2023-11-07 11:44:06,0
1377,33,2023-11-07 11:45:33,0
1378,33,2023-11-07 11:55:41,0
1379,34,2023-11-08 08:45:49,0
1380,34,2023-11-08 10:37:38,0
1381,34,2023-11-08 11:57:25,0
1384,34,2023-11-09 08:52:28,0
1385,35,2023-11-09 08:56:21,0
1386,21,2023-11-09 09:45:19,0
1387,35,2023-11-09 10:34:06,0
1388,35,2023-11-09 10:53:26,0
1390,33,2023-11-09 11:13:58,0
1394,21,2023-11-09 11:49:56,0
1395,15,2023-11-10 09:48:08,0
1396,28,2023-11-10 09:53:10,0
1397,35,2023-11-10 10:40:04,0
1400,15,2023-11-10 11:47:56,0
1402,28,2023-11-13 08:18:05,0
1405,33,2023-11-13 08:31:11,0
1406,22,2023-11-13 08:32:32,0
1407,34,2023-11-13 08:33:37,0
1408,35,2023-11-13 08:39:14,0
1410,33,2023-11-13 10:11:06,0
1411,15,2023-11-14 00:11:06,0
1412,22,2023-11-14 08:41:58,0
1413,21,2023-11-14 08:46:49,0
1415,33,2023-11-14 09:03:07,0
1418,34,2023-11-14 11:48:09,0
1419,34,2023-11-14 11:48:42,0
1421,21,2023-11-16 08:29:33,0
1423,34,2023-11-16 10:01:13,0
1426,34,2023-11-16 10:57:57,0
1427,15,2023-11-16 11:18:26,0
1429,21,2023-11-17 09:21:25,0
1430,21,2023-11-17 09:39:01,0
1432,34,2023-11-17 10:27:27,0
1433,21,2023-11-17 10:43:36,0
1435,35,2023-11-20 08:15:05,0
1437,34,2023-11-20 10:14:48,0
1439,35,2023-11-20 10:23:47,0
1443,33,2023-11-21 08:23:57,0
1446,35,2023-11-21 08:32:12,0
1447,33,2023-11-21 08:40:59,0
1449,15,2023-11-21 09:20:00,0
1450,35,2023-11-21 09:41:42,0
1452,35,2023-11-21 10:07:15,0
1453,34,2023-11-21 10:59:35,0
1455,15,2023-11-21 11:29:16,0
1456,22,2023-11-21 11:39:16,0
1460,33,2023-11-22 08:30:27,0
1461,35,2023-11-22 08:30:55,0
1462,34,2023-11-22 08:38:23,0
1463,35,2023-11-22 08:40:37,0
1464,15,2023-11-22 09:10:27,0
1466,34,2023-11-22 09:43:39,0
1467,35,2023-11-22 09:44:15,0
1469,21,2023-11-22 10:52:34,0
1471,15,2023-11-22 11:04:41,0
1472,21,2023-11-23 09:15:23,0
1473,26,2023-11-23 09:51:47,0
1475,34,2023-11-23 10:23:46,0
1477,33,2023-11-23 10:50:19,0
1479,21,2023-11-23 11:11:32,0
1481,34,2023-11-23 11:55:21,0
1483,33,2023-11-24 08:54:16,0
1484,21,2023-11-24 08:59:28,0
1486,21,2023-11-24 09:03:37,0
1487,15,2023-11-24 09:04:02,0
1488,34,2023-11-24 09:57:00,0
1490,35,2023-11-24 10:10:11,0
1492,33,2023-11-24 10:18:26,0
1493,15,2023-11-24 10:18:45,0
1495,35,2023-11-27 08:24:11,0
1498,34,2023-11-27 08:36:41,0
1499,22,2023-11-27 08:41:17,0
1500,22,2023-11-27 09:00:03,0
1502,15,2023-11-27 11:12:25,0
1504,33,2023-11-28 08:37:26,0
1506,21,2023-11-28 09:52:10,0
1508,34,2023-11-28 11:17:44,0
1509,15,2023-11-28 13:01:50,0
1511,35,2023-11-29 08:14:30,0
1513,15,2023-11-29 08:57:30,0
1514,15,2023-11-29 10:13:45,0
1515,22,2023-11-29 10:45:03,0
1517,35,2023-11-29 10:48:58,0
1519,33,2023-11-30 08:18:10,0
1521,15,2023-11-30 09:30:13,0
1522,15,2023-11-30 09:30:46,0
1524,33,2023-12-01 08:24:45,0
1526,33,2023-12-01 09:12:47,0
1527,33,2023-12-01 09:13:19,0
1529,15,2023-12-01 09:36:21,0
1530,21,2023-12-01 09:44:51,0
1532,33,2023-12-04 08:22:35,0
1533,33,2023-12-04 08:22:36,0
1537,34,2023-12-04 09:26:30,0
1538,22,2023-12-04 09:55:41,0
1540,33,2023-12-04 11:05:31,0
1541,15,2023-12-05 07:56:49,0
1543,33,2023-12-05 08:43:26,0
1545,34,2023-12-06 08:19:12,0
1548,34,2023-12-06 09:06:03,0
1551,33,2023-12-06 09:44:37,0
1553,15,2023-12-06 09:52:30,0
1555,33,2023-12-06 10:34:16,0
1557,33,2023-12-07 08:24:04,0
1560,34,2023-12-07 09:29:41,0
1561,33,2023-12-07 09:36:58,0
1564,35,2023-12-07 10:17:03,0
1565,34,2023-12-07 10:17:52,0
1566,21,2023-12-07 10:36:15,0
1568,33,2023-12-07 10:56:19,0
1570,21,2023-12-07 11:09:17,0
1574,34,2023-12-08 08:35:12,0
1577,15,2023-12-08 08:43:10,0
1580,33,2023-12-08 08:47:59,0
1581,33,2023-12-08 08:48:50,0
1583,22,2023-12-08 09:25:13,0
1585,35,2023-12-08 10:29:02,0
1586,34,2023-12-08 11:56:08,0
1588,34,2023-12-11 08:34:40,0
1589,33,2023-12-11 08:35:18,0
1590,15,2023-12-11 09:16:15,0
1592,21,2023-12-11 09:52:45,0
1593,22,2023-12-11 10:22:02,0
1594,34,2023-12-11 11:51:40,0
1595,15,2023-12-12 08:50:49,0
1597,33,2023-12-12 09:00:07,0
1598,22,2023-12-12 09:33:49,0
1599,35,2023-12-12 09:50:11,0
1601,33,2023-12-13 08:52:54,0
1602,33,2023-12-13 09:05:32,0
1603,15,2023-12-13 09:18:37,0
1605,33,2023-12-13 09:35:46,0
1606,34,2023-12-13 09:36:06,0
1607,15,2023-12-13 10:15:19,0
1609,33,2023-12-14 08:57:05,0
1611,21,2023-12-14 10:07:57,0
1613,34,2023-12-14 10:48:29,0
1614,33,2023-12-15 08:24:51,0
1616,15,2023-12-15 09:04:29,0
1618,34,2023-12-15 09:37:07,0
1619,21,2023-12-15 09:50:21,0
1620,15,2023-12-15 10:01:43,0
1622,21,2023-12-15 10:14:10,0
1625,33,2023-12-18 08:25:14,0
1627,33,2023-12-18 08:33:12,0
1629,15,2023-12-18 09:55:32,0
1633,15,2023-12-18 11:27:12,0
1634,22,2023-12-18 11:27:55,0
1636,34,2023-12-18 11:45:23,0
1638,33,2023-12-19 09:16:39,0
1639,21,2023-12-19 10:27:40,0
1642,34,2023-12-20 08:35:42,0
1644,34,2023-12-21 08:46:57,0
1646,15,2023-12-21 09:44:33,0
1648,33,2023-12-21 10:51:47,0
1649,21,2023-12-21 11:00:14,0
1651,33,2023-12-21 11:25:44,0
1653,34,2023-12-22 08:27:30,0
1656,34,2023-12-22 09:48:18,0
1658,34,2023-12-22 10:36:48,0
1659,22,2023-12-22 10:39:06,0
1661,22,2023-12-26 09:01:53,0
1662,22,2023-12-26 09:26:36,0
1664,33,2023-12-27 09:05:29,0
1665,33,2023-12-27 09:58:40,0
1668,22,2023-12-28 09:52:24,0
1669,33,2023-12-28 09:53:29,0
1670,33,2023-12-28 09:54:00,0
1671,33,2023-12-28 11:19:21,0
1673,33,2023-12-29 09:26:59,0
1674,33,2024-01-02 08:13:11,0
1677,34,2024-01-02 08:36:02,0
1678,33,2024-01-02 08:36:29,0
1680,33,2024-01-02 09:40:00,0
1681,33,2024-01-02 11:27:04,0
1682,15,2024-01-03 09:17:20,0
1684,33,2024-01-03 09:20:14,0
1685,34,2024-01-03 09:50:25,0
1686,15,2024-01-03 10:13:09,0
1687,15,2024-01-03 13:16:30,0
1688,22,2024-01-03 13:17:06,0
1690,33,2024-01-04 08:25:02,0
1692,33,2024-01-04 09:09:56,0
1694,33,2024-01-04 09:53:23,0
1696,21,2024-01-04 10:14:19,0
1697,21,2024-01-04 10:14:51,0
1699,33,2024-01-04 11:16:48,0
1701,35,2024-01-05 08:25:58,0
1703,34,2024-01-05 08:53:11,0
1704,33,2024-01-05 09:00:23,0
1705,21,2024-01-05 10:20:45,0
1708,34,2024-01-08 09:12:23,0
1710,21,2024-01-08 09:37:36,0
1712,34,2024-01-08 09:58:26,0
1714,15,2024-01-08 10:50:27,0
1718,33,2024-01-09 08:17:50,0
1720,33,2024-01-09 08:43:05,0
1721,21,2024-01-09 09:33:33,0
1725,33,2024-01-09 10:57:02,0
1728,34,2024-01-09 11:57:52,0
1729,33,2024-01-10 08:17:44,0
1731,35,2024-01-10 08:18:54,0
1733,33,2024-01-10 09:00:12,0
1735,15,2024-01-10 11:08:02,0
1737,15,2024-01-11 09:10:45,0
1740,22,2024-01-11 09:12:47,0
1741,22,2024-01-11 09:13:56,0
1743,33,2024-01-12 08:13:03,0
1745,34,2024-01-12 08:21:28,0
1748,15,2024-01-12 08:38:50,0
1749,34,2024-01-12 08:57:15,0
1751,34,2024-01-12 08:58:20,0
1752,33,2024-01-12 09:53:26,0
1753,34,2024-01-12 10:04:27,0
1756,21,2024-01-15 08:46:03,0
1757,15,2024-01-15 09:10:06,0
1759,15,2024-01-15 09:31:54,0
1761,21,2024-01-15 10:04:23,0
1762,35,2024-01-15 11:17:08,0
1764,34,2024-01-15 11:43:22,0
1765,22,2024-01-15 17:40:59,0
1766,15,2024-01-16 08:25:41,0
1768,33,2024-01-16 08:45:12,0
1769,22,2024-01-16 09:13:58,0
1770,21,2024-01-16 09:19:13,0
1773,33,2024-01-16 10:55:09,0
1774,33,2024-01-16 11:32:33,0
1775,21,2024-01-16 13:05:56,0
1776,21,2024-01-16 15:12:25,0
1778,34,2024-01-17 08:52:53,0
1779,33,2024-01-17 10:16:49,0
1780,34,2024-01-17 10:17:51,0
1781,22,2024-01-17 10:18:42,0
1782,21,2024-01-17 11:04:35,0
1783,21,2024-01-17 11:05:11,0
1784,22,2024-01-17 11:40:11,0
1785,21,2024-01-17 11:47:53,0
1786,34,2024-01-18 08:21:25,0
1788,34,2024-01-18 08:40:37,0
1789,15,2024-01-18 09:16:11,0
1791,21,2024-01-18 10:27:47,0
1795,15,2024-01-18 13:27:31,0
1796,22,2024-01-19 08:14:56,0
1799,34,2024-01-19 09:10:55,0
1800,33,2024-01-19 09:15:31,0
1804,21,2024-01-19 09:33:24,0
1805,21,2024-01-19 09:42:48,0
1806,15,2024-01-19 09:52:32,0
1807,15,2024-01-19 09:53:24,0
1810,21,2024-01-19 10:48:05,0
1813,23,2024-01-19 11:18:30,0
1814,22,2024-01-19 11:33:58,0
1816,34,2024-01-22 09:19:04,0
1818,15,2024-01-22 09:22:26,0
1819,21,2024-01-22 09:58:00,0
1820,34,2024-01-22 10:12:29,0
1821,22,2024-01-22 10:28:44,0
1823,22,2024-01-22 11:24:38,0
1825,15,2024-01-23 08:52:23,0
1826,21,2024-01-23 09:04:05,0
1827,22,2024-01-23 13:11:17,0
1829,15,2024-01-24 08:37:26,0
1830,34,2024-01-24 10:50:58,0
1831,15,2024-01-24 10:54:08,0
1833,34,2024-01-25 08:25:18,0
1834,15,2024-01-25 08:38:28,0
1835,21,2024-01-25 09:45:34,0
1837,23,2024-01-25 10:29:16,0
1839,21,2024-01-25 10:38:53,0
1841,34,2024-01-25 10:58:59,0
1844,15,2024-01-26 08:58:52,0
1845,21,2024-01-26 09:02:26,0
1846,34,2024-01-26 09:17:25,0
1849,34,2024-02-01 08:43:23,0
1850,34,2024-02-01 08:43:52,0
1851,15,2024-02-01 08:44:41,0
1854,23,2024-02-01 09:09:58,0
1855,34,2024-02-01 09:14:55,0
1856,21,2024-02-01 09:29:13,0
1857,34,2024-02-01 10:02:20,0
1858,21,2024-02-01 11:14:44,0
1860,34,2024-02-02 09:39:42,0
1861,15,2024-02-02 10:08:57,0
1863,34,2024-02-05 08:34:34,0
1865,15,2024-02-05 08:42:15,0
1867,23,2024-02-05 08:52:35,0
1869,34,2024-02-05 09:20:40,0
1871,36,2024-02-05 09:55:32,0
1873,15,2024-02-05 10:21:06,0
1875,15,2024-02-05 10:41:04,0
1877,22,2024-02-05 10:44:03,0
1879,34,2024-02-05 11:40:16,0
1881,34,2024-02-06 08:30:45,0
1882,15,2024-02-06 08:58:39,0
1883,21,2024-02-06 09:43:06,0
1884,34,2024-02-06 11:38:59,0
1886,34,2024-02-07 08:43:22,0
1888,34,2024-02-07 08:51:40,0
1889,21,2024-02-07 09:02:21,0
1890,21,2024-02-07 09:07:40,0
1893,34,2024-02-07 09:51:54,0
1895,34,2024-02-07 10:09:14,0
1899,36,2024-02-08 08:22:30,0
1901,36,2024-02-08 08:38:55,0
1905,15,2024-02-08 08:43:38,0
1906,34,2024-02-08 08:44:05,0
1907,34,2024-02-08 08:44:26,0
1909,23,2024-02-08 09:42:23,0
1910,15,2024-02-08 09:42:59,0
1912,23,2024-02-08 10:12:30,0
1914,22,2024-02-08 10:50:10,0
1915,23,2024-02-08 10:51:53,0
1916,23,2024-02-08 10:52:28,0
1918,21,2024-02-08 11:00:01,0
1919,22,2024-02-08 11:07:49,0
1920,22,2024-02-08 11:45:09,0
1922,23,2024-02-09 08:51:37,0
1923,21,2024-02-09 09:04:54,0
1925,34,2024-02-09 09:11:11,0
1926,34,2024-02-09 09:32:06,0
1927,23,2024-02-09 09:55:16,0
1928,23,2024-02-09 09:55:51,0
1930,21,2024-02-09 10:01:07,0
1932,15,2024-02-09 10:47:48,0
1933,23,2024-02-09 11:05:38,0
1934,21,2024-02-09 11:39:54,0
1935,21,2024-02-14 12:34:24,0
1937,21,2024-02-14 13:06:51,0
1940,23,2024-02-14 13:12:10,0
1942,21,2024-02-14 13:25:34,0
1944,36,2024-02-14 13:30:57,0
1947,21,2024-02-14 13:43:58,0
1948,23,2024-02-14 14:02:43,0
1950,23,2024-02-14 14:08:23,0
1953,36,2024-02-15 08:16:03,0
1954,34,2024-02-15 08:42:57,0
1956,23,2024-02-15 08:58:39,0
1958,36,2024-02-15 09:00:50,0
1960,34,2024-02-15 09:34:13,0
1961,21,2024-02-15 09:41:01,0
1962,21,2024-02-15 09:55:46,0
1964,23,2024-02-15 11:11:22,0
1966,21,2024-02-15 11:35:32,0
1967,21,2024-02-15 11:35:57,0
1968,23,2024-02-15 11:36:18,0
1969,36,2024-02-16 08:09:01,0
1972,36,2024-02-16 08:16:34,0
1974,36,2024-02-16 08:19:24,0
1975,34,2024-02-16 08:47:32,0
1976,34,2024-02-16 08:47:56,0
1978,23,2024-02-16 09:16:32,0
1979,36,2024-02-16 09:42:37,0
1984,34,2024-02-19 08:36:30,0
1985,34,2024-02-19 08:36:48,0
1986,15,2024-02-19 08:39:31,0
1988,21,2024-02-19 08:51:51,0
1989,34,2024-02-19 09:39:16,0
1991,36,2024-02-19 10:42:37,0
1993,34,2024-02-19 10:46:48,0
1994,15,2024-02-20 09:31:32,0
1995,15,2024-02-20 09:31:32,0
1997,34,2024-02-20 10:06:45,0
1998,23,2024-02-20 10:15:56,0
2001,23,2024-02-20 11:02:15,0
2002,15,2024-02-20 11:08:19,0
2003,23,2024-02-20 11:18:26,0
2004,36,2024-02-20 11:46:55,0
2006,36,2024-02-21 08:18:47,0
2008,15,2024-02-21 08:27:04,0
2010,34,2024-02-21 08:46:43,0
2012,23,2024-02-21 09:09:31,0
2014,33,2024-02-21 09:24:14,0
2015,34,2024-02-21 09:34:33,0
2016,21,2024-02-21 09:34:47,0
2018,15,2024-02-22 08:16:01,0
2020,36,2024-02-22 08:32:50,0
2021,34,2024-02-22 08:57:06,0
2024,15,2024-02-22 10:40:08,0
2025,34,2024-02-22 10:55:19,0
2026,36,2024-02-22 11:00:29,0
2029,23,2024-02-22 11:42:33,0
2032,23,2024-02-23 08:27:54,0
2034,34,2024-02-23 08:43:45,0
2035,23,2024-02-23 09:22:08,0
2036,15,2024-02-23 10:34:16,0
2039,15,2024-02-26 08:48:15,0
2040,22,2024-02-26 09:09:04,0
2042,0,2024-02-26 10:58:22,0
2043,21,2024-02-26 10:58:53,0
2044,15,2024-02-26 11:00:01,0
2048,15,2024-02-27 09:41:46,0
2049,15,2024-02-27 09:50:18,0
2051,34,2024-02-27 10:03:51,0
2053,34,2024-02-28 08:26:03,0
2056,15,2024-02-28 09:23:19,0
2057,21,2024-02-28 09:23:59,0
2060,36,2024-02-28 11:25:13,0
2062,36,2024-02-29 08:23:49,0
2064,15,2024-02-29 09:08:24,0
2066,34,2024-02-29 09:28:49,0
2068,36,2024-02-29 09:36:27,0
2069,34,2024-02-29 09:39:23,0
2071,34,2024-02-29 11:15:28,0
2072,34,2024-03-04 08:46:25,0
2073,36,2024-03-04 08:47:53,0
2074,36,2024-03-04 08:48:21,0
2075,15,2024-03-04 08:48:40,0
2076,34,2024-03-04 09:03:53,0
2079,15,2024-03-04 09:30:57,0
2082,36,2024-03-04 10:09:26,0
2083,15,2024-03-04 10:11:45,0
2085,36,2024-03-04 10:49:21,0
2087,36,2024-03-04 11:32:38,0
2089,23,2024-03-04 11:46:54,0
2091,34,2024-03-04 11:59:26,0
2092,36,2024-03-05 08:27:23,0
2094,36,2024-03-05 08:50:57,0
2096,15,2024-03-05 09:15:04,0
2097,34,2024-03-05 09:35:35,0
2100,36,2024-03-05 09:50:37,0
2102,23,2024-03-05 11:00:37,0
2107,23,2024-03-06 08:39:05,0
2108,34,2024-03-06 08:49:49,0
2109,22,2024-03-06 08:58:54,0
2112,21,2024-03-06 09:26:07,0
2116,34,2024-03-06 10:03:51,0
2117,15,2024-03-06 10:04:07,0
2118,21,2024-03-06 11:06:34,0
2120,36,2024-03-07 08:12:57,0
2121,34,2024-03-07 08:14:30,0
2123,23,2024-03-07 08:31:27,0
2126,15,2024-03-08 08:36:08,0
2127,21,2024-03-08 08:39:04,0
2129,36,2024-03-08 09:16:44,0
2131,34,2024-03-08 09:42:49,0
2132,15,2024-03-08 09:57:43,0
2133,22,2024-03-08 13:55:30,0
2135,23,2024-03-11 08:31:32,0
2137,34,2024-03-11 08:37:37,0
2138,34,2024-03-11 08:38:18,0
2140,34,2024-03-11 10:15:35,0
2142,21,2024-03-11 10:19:02,0
2143,21,2024-03-11 10:48:49,0
2145,23,2024-03-11 11:13:48,0
2147,36,2024-03-12 08:19:38,0
2149,23,2024-03-12 08:26:25,0
2152,34,2024-03-12 08:37:43,0
2153,23,2024-03-12 08:38:02,0
2154,15,2024-03-12 08:40:07,0
2157,22,2024-03-12 09:58:37,0
2158,15,2024-03-12 10:00:20,0
2159,21,2024-03-12 11:11:00,0
2162,34,2024-03-12 11:52:59,0
2165,21,2024-03-13 08:54:22,0
2166,34,2024-03-13 08:55:35,0
2167,34,2024-03-13 08:56:17,0
2168,23,2024-03-13 09:01:39,0
2169,23,2024-03-13 09:22:41,0
2172,15,2024-03-13 10:04:29,0
2173,15,2024-03-13 10:21:55,0
2175,36,2024-03-13 11:13:35,0
2176,36,2024-03-13 11:28:27,0
2178,34,2024-03-13 11:42:50,0
2179,15,2024-03-14 08:32:32,0
2180,36,2024-03-14 09:01:38,0
2182,21,2024-03-14 09:52:24,0
2184,15,2024-03-14 11:10:38,0
2185,22,2024-03-14 11:11:02,0
2187,15,2024-03-14 11:34:17,0
2189,35,2024-03-15 09:55:27,0
2190,36,2024-03-15 09:55:58,0
2192,34,2024-03-18 08:21:19,0
2194,34,2024-03-18 09:35:12,0
2195,36,2024-03-18 09:35:57,0
2198,36,2024-03-18 10:13:45,0
2200,36,2024-03-18 10:40:32,0
2202,34,2024-03-19 09:14:22,0
2203,21,2024-03-19 09:22:28,0
2204,34,2024-03-19 11:22:31,0
2205,36,2024-03-19 11:27:15,0
2206,34,2024-03-19 11:39:49,0
2207,36,2024-03-19 11:59:53,0
2209,36,2024-03-20 08:44:27,0
2211,34,2024-03-20 08:55:06,0
2212,15,2024-03-20 08:55:51,0
2213,23,2024-03-20 09:57:08,0
2215,21,2024-03-20 10:12:42,0
2216,21,2024-03-20 11:14:04,0
2218,36,2024-03-22 08:29:51,0
2220,21,2024-03-22 09:39:58,0
2222,34,2024-03-22 09:42:53,0
2223,23,2024-03-22 09:43:18,0
2224,23,2024-03-22 10:20:33,0
2225,34,2024-03-22 11:51:13,0
2227,23,2024-03-25 08:53:19,0
2229,34,2024-03-25 08:58:47,0
2231,36,2024-03-25 09:07:27,0
2232,15,2024-03-25 09:11:12,0
2235,21,2024-03-25 10:41:25,0
2236,15,2024-03-25 10:42:00,0
2237,34,2024-03-25 10:42:26,0
2238,15,2024-03-25 11:03:23,0
2240,36,2024-03-25 11:17:48,0
2242,36,2024-03-26 08:35:40,0
2243,15,2024-03-26 08:39:05,0
2245,34,2024-03-26 08:56:23,0
2246,15,2024-03-26 10:06:44,0
2247,21,2024-03-26 10:07:19,0
2249,22,2024-03-26 10:13:18,0
2250,34,2024-03-26 10:59:48,0
2253,22,2024-03-27 08:54:22,0
2254,34,2024-03-27 09:01:07,0
2255,23,2024-03-27 09:20:51,0
2257,23,2024-03-27 11:29:07,0
2259,36,2024-03-28 08:38:00,0
2260,21,2024-03-28 09:18:03,0
2261,22,2024-03-28 10:04:10,0
2262,34,2024-03-28 11:52:59,0
2263,34,2024-04-01 11:19:23,0
2264,36,2024-04-01 11:19:57,0
2265,34,2024-04-01 11:20:15,0
2266,34,2024-04-01 11:20:49,0
2267,34,2024-04-01 11:21:14,0
2268,21,2024-04-01 11:45:06,0
2274,34,2024-04-02 11:17:40,0
2276,34,2024-04-02 11:51:06,0
2277,21,2024-04-03 08:28:50,0
2278,34,2024-04-03 08:29:30,0
2279,34,2024-04-03 08:34:21,0
2280,34,2024-04-03 09:18:29,0
2283,21,2024-04-03 10:36:10,0
2284,34,2024-04-03 10:58:59,0
2285,23,2024-04-03 11:00:20,0
2289,34,2024-04-04 09:48:46,0
2290,34,2024-04-04 09:51:04,0
2291,15,2024-04-04 09:51:38,0
2292,36,2024-04-04 09:52:29,0
2293,21,2024-04-04 10:40:11,0
2295,23,2024-04-05 08:31:18,0
2297,22,2024-04-05 09:06:17,0
2298,34,2024-04-05 11:57:44,0
2299,23,2024-04-08 08:32:20,0
2300,36,2024-04-08 08:58:19,0
2302,34,2024-04-08 10:34:52,0
2304,36,2024-04-09 08:48:11,0
2306,34,2024-04-09 08:58:22,0
2308,36,2024-04-10 10:26:19,0
2309,23,2024-04-10 10:48:11,0
2310,34,2024-04-10 11:35:33,0
2311,23,2024-04-11 08:50:32,0
2313,36,2024-04-11 09:29:40,0
2315,21,2024-04-11 11:28:08,0
2316,23,2024-04-11 11:29:46,0
2323,23,2024-04-12 08:55:54,0
2324,23,2024-04-12 08:59:20,0
2325,34,2024-04-12 09:06:08,0
2326,15,2024-04-12 09:06:44,0
2327,34,2024-04-12 09:07:28,0
2329,23,2024-04-12 09:19:14,0
2330,36,2024-04-12 10:02:54,0
2333,23,2024-04-12 10:34:00,0
2334,34,2024-04-12 10:34:20,0
2336,34,2024-04-12 11:19:41,0
2337,23,2024-04-15 08:38:12,0
2338,15,2024-04-15 08:38:35,0
2340,23,2024-04-15 09:02:36,0
2342,23,2024-04-15 09:07:15,0
2343,34,2024-04-15 09:08:19,0
2344,36,2024-04-15 09:41:47,0
2345,34,2024-04-15 09:51:37,0
2346,21,2024-04-15 09:54:41,0
2349,34,2024-04-15 10:32:30,0
2351,23,2024-04-15 10:47:09,0
2353,15,2024-04-15 11:18:51,0
2355,36,2024-04-16 08:37:53,0
2357,34,2024-04-16 09:42:32,0
2358,15,2024-04-16 09:42:52,0
2359,34,2024-04-16 10:08:18,0
2361,36,2024-04-17 08:41:17,0
2364,21,2024-04-17 10:28:18,0
2365,34,2024-04-17 11:12:08,0
2367,23,2024-04-18 09:19:21,0
2368,15,2024-04-18 09:41:20,0
2371,15,2024-04-19 09:21:34,0
2373,23,2024-04-19 11:43:59,0
2374,34,2024-04-19 11:44:52,0
2377,36,2024-04-22 08:46:49,0
2378,34,2024-04-22 09:05:25,0
2381,21,2024-04-22 09:16:38,0
2382,23,2024-04-22 09:22:45,0
2383,23,2024-04-22 11:01:49,0
2385,34,2024-04-22 11:21:56,0
2386,34,2024-04-22 11:21:57,0
2393,21,2024-04-23 09:45:00,0
2396,22,2024-04-23 10:17:25,0
2397,34,2024-04-23 10:31:06,0
2398,21,2024-04-23 10:37:03,0
2399,22,2024-04-23 10:38:08,0
2400,15,2024-04-23 10:38:35,0
2401,21,2024-04-23 10:39:13,0
2403,21,2024-04-23 11:05:44,0
2404,34,2024-04-23 11:12:41,0
2406,23,2024-04-24 08:43:40,0
2407,34,2024-04-24 09:16:49,0
2409,36,2024-04-24 09:50:11,0
2412,34,2024-04-24 10:21:01,0
2413,23,2024-04-24 10:34:09,0
2414,23,2024-04-25 08:26:17,0
2415,21,2024-04-25 08:29:35,0
2417,36,2024-04-25 09:46:16,0
2419,15,2024-04-25 11:06:46,0
2420,21,2024-04-25 11:07:24,0
2421,36,2024-04-25 11:11:44,0
2423,36,2024-04-26 09:19:03,0
2424,34,2024-04-26 10:14:11,0
2426,15,2024-04-26 10:46:31,0
2429,36,2024-04-29 09:57:50,0
2432,36,2024-04-29 11:02:46,0
2433,21,2024-04-29 11:03:31,0
2434,34,2024-04-29 11:04:53,0
2435,36,2024-04-30 08:13:25,0
2437,36,2024-04-30 08:34:17,0
2438,21,2024-04-30 09:58:30,0
2439,36,2024-04-30 10:00:56,0
2441,34,2024-04-30 11:54:42,0
2443,36,2024-05-02 08:22:39,0
2444,21,2024-05-02 09:00:40,0
2445,15,2024-05-03 08:19:58,0
2446,36,2024-05-03 08:24:42,0
2448,23,2024-05-03 09:17:24,0
2449,21,2024-05-03 09:19:32,0
2450,21,2024-05-03 10:43:39,0
2452,34,2024-05-03 11:06:20,0
2454,23,2024-05-06 08:35:48,0
2455,36,2024-05-06 08:46:34,0
2457,23,2024-05-06 09:06:18,0
2458,34,2024-05-06 09:45:45,0
2460,23,2024-05-06 10:06:34,0
2461,36,2024-05-06 10:14:10,0
2462,23,2024-05-06 10:25:58,0
2463,15,2024-05-07 08:28:48,0
2465,15,2024-05-07 09:17:53,0
2466,21,2024-05-07 10:31:18,0
2467,15,2024-05-07 10:43:12,0
2468,36,2024-05-07 10:55:02,0
2471,23,2024-05-08 08:53:39,0
2472,15,2024-05-08 09:04:34,0
2473,21,2024-05-08 09:05:12,0
2474,23,2024-05-08 09:58:50,0
2476,23,2024-05-08 10:38:18,0
2477,36,2024-05-09 08:41:03,0
2478,15,2024-05-09 09:14:22,0
2479,21,2024-05-09 09:15:21,0
2480,23,2024-05-09 09:26:43,0
2487,34,2024-05-09 11:34:48,0
2488,15,2024-05-09 11:46:04,0
2489,34,2024-05-10 08:52:28,0
2490,23,2024-05-10 08:53:31,0
2491,21,2024-05-10 08:55:09,0
2493,34,2024-05-10 09:52:37,0
2497,34,2024-05-10 10:56:14,0
2498,22,2024-05-10 10:57:47,0
2499,15,2024-05-10 11:11:20,0
2500,23,2024-05-10 11:20:27,0
2503,23,2024-05-13 08:37:53,0
2504,36,2024-05-13 08:39:37,0
2506,23,2024-05-13 08:49:24,0
2508,34,2024-05-13 09:05:28,0
2509,36,2024-05-13 09:05:54,0
2510,15,2024-05-13 10:57:08,0
2511,23,2024-05-14 09:08:40,0
2512,15,2024-05-14 09:47:17,0
2514,15,2024-05-14 09:54:39,0
2515,21,2024-05-14 10:19:16,0
2516,22,2024-05-14 10:19:45,0
2519,21,2024-05-14 11:22:49,0
2520,34,2024-05-14 11:42:18,0
2521,15,2024-05-15 08:39:23,0
2524,23,2024-05-15 08:47:31,0
2525,23,2024-05-15 08:50:13,0
2526,34,2024-05-15 08:56:09,0
2527,21,2024-05-15 09:11:40,0
2528,0,2024-05-15 09:12:45,0
2529,15,2024-05-15 09:16:08,0
2531,34,2024-05-15 09:32:00,0
2532,23,2024-05-15 09:52:46,0
2534,15,2024-05-15 11:28:29,0
2535,15,2024-05-15 11:28:54,0
2538,15,2024-05-16 08:27:39,0
2540,23,2024-05-16 08:37:01,0
2541,36,2024-05-16 08:53:18,0
2543,23,2024-05-16 09:40:50,0
2546,15,2024-05-16 10:19:10,0
2548,36,2024-05-16 10:20:41,0
2549,36,2024-05-16 10:49:07,0
2551,15,2024-05-16 11:52:39,0
2552,36,2024-05-17 08:19:35,0
2554,34,2024-05-17 08:28:18,0
2556,36,2024-05-17 09:08:59,0
2557,34,2024-05-17 10:06:59,0
2559,15,2024-05-17 10:43:55,0
2560,36,2024-05-17 11:17:23,0
2561,36,2024-05-17 12:45:09,0
2563,36,2024-05-20 08:19:34,0
2566,23,2024-05-20 09:06:15,0
2568,22,2024-05-20 09:20:23,0
2569,22,2024-05-20 09:31:00,0
2570,15,2024-05-20 09:31:53,0
2571,21,2024-05-20 09:40:55,0
2572,21,2024-05-20 09:42:48,0
2575,15,2024-05-20 10:22:28,0
2576,15,2024-05-20 10:23:04,0
2577,23,2024-05-20 10:36:47,0
2580,15,2024-05-20 11:23:20,0
2581,15,2024-05-20 11:24:00,0
2583,23,2024-05-21 08:19:05,0
2584,23,2024-05-21 08:52:38,0
2586,36,2024-05-21 08:55:18,0
2587,34,2024-05-21 09:06:49,0
2588,23,2024-05-21 09:14:21,0
2590,15,2024-05-21 09:20:01,0
2593,23,2024-05-21 09:29:03,0
2594,21,2024-05-21 09:40:28,0
2596,34,2024-05-21 09:58:40,0
2597,34,2024-05-21 11:03:46,0
2598,15,2024-05-21 11:22:23,0
2601,21,2024-05-22 09:37:54,0
2602,23,2024-05-22 09:49:40,0
2603,23,2024-05-22 10:17:54,0
2604,34,2024-05-22 10:18:42,0
2606,15,2024-05-22 10:54:49,0
2607,15,2024-05-22 11:06:20,0
2608,21,2024-05-22 11:30:39,0
2610,34,2024-05-23 09:09:02,0
2612,15,2024-05-23 09:50:18,0
2613,36,2024-05-23 10:23:44,0
2616,23,2024-05-24 09:39:27,0
2618,23,2024-05-24 10:08:07,0
2619,21,2024-05-24 10:33:30,0
2620,34,2024-05-24 10:44:38,0
2623,34,2024-05-27 08:20:57,0
2626,23,2024-05-27 08:47:43,0
2627,34,2024-05-27 09:12:57,0
2628,15,2024-05-27 10:51:32,0
2629,23,2024-05-27 11:01:30,0
2630,33,2024-05-27 14:25:27,0
2632,21,2024-05-28 09:58:04,0
2634,36,2024-05-28 10:26:47,0
2636,36,2024-05-28 11:19:27,0
2639,36,2024-05-29 08:38:20,0
2641,23,2024-05-29 09:29:46,0
2642,21,2024-05-29 09:35:15,0
2644,34,2024-05-29 09:58:56,0
2645,23,2024-05-29 11:21:10,0
2646,36,2024-05-29 11:21:31,0
2647,34,2024-05-29 11:42:08,0
2648,36,2024-05-31 08:49:11,0
2650,36,2024-05-31 10:25:17,0
2652,23,2024-06-03 08:21:44,0
2654,21,2024-06-03 08:54:02,0
2655,15,2024-06-03 09:00:20,0
2656,22,2024-06-03 09:29:30,0
2658,23,2024-06-03 10:26:14,0
2660,23,2024-06-03 10:50:45,0
2661,21,2024-06-03 10:53:18,0
2662,21,2024-06-03 10:53:59,0
2663,36,2024-06-03 11:32:59,0
2665,34,2024-06-04 08:39:50,0
2666,15,2024-06-04 08:44:45,0
2667,22,2024-06-04 08:46:21,0
2668,21,2024-06-04 08:47:04,0
2671,23,2024-06-04 09:43:15,0
2673,23,2024-06-04 10:13:56,0
2675,15,2024-06-04 10:30:38,0
2680,22,2024-06-05 08:17:33,0
2681,23,2024-06-05 08:53:15,0
2682,23,2024-06-05 09:06:42,0
2683,34,2024-06-05 09:25:10,0
2684,32,2024-06-05 11:47:40,0
2689,23,2024-06-06 08:51:22,0
2691,21,2024-06-06 09:53:57,0
2692,23,2024-06-06 10:24:41,0
2694,34,2024-06-06 10:32:48,0
2695,36,2024-06-07 08:47:49,0
2698,36,2024-06-07 10:20:49,0
2700,22,2024-06-07 10:36:45,0
2701,15,2024-06-07 10:50:54,0
2703,23,2024-06-07 11:10:14,0
2704,21,2024-06-07 11:38:17,0
2706,23,2024-06-10 09:02:13,0
2707,36,2024-06-10 09:43:55,0
2708,15,2024-06-10 09:44:23,0
2710,23,2024-06-10 10:46:29,0
2713,15,2024-06-11 08:40:17,0
2715,36,2024-06-11 10:18:42,0
2717,23,2024-06-12 08:27:19,0
2719,23,2024-06-12 08:42:28,0
2720,36,2024-06-12 08:52:39,0
2722,21,2024-06-12 09:53:37,0
2725,15,2024-06-13 08:49:41,0
2730,23,2024-06-14 10:20:04,0
2731,23,2024-06-14 10:20:27,0
2732,15,2024-06-14 10:20:58,0
2734,15,2024-06-17 08:57:06,0
2736,15,2024-06-17 09:28:54,0
2737,21,2024-06-17 10:16:32,0
2738,34,2024-06-17 10:31:21,0
2740,36,2024-06-18 10:08:24,0
2743,23,2024-06-19 09:11:52,0
2744,36,2024-06-19 09:12:26,0
2745,21,2024-06-19 11:02:58,0
2746,23,2024-06-20 08:53:09,0
2747,36,2024-06-20 08:53:40,0
2749,34,2024-06-20 08:56:15,0
2752,21,2024-06-20 09:35:53,0
2754,36,2024-06-20 10:05:53,0
2755,36,2024-06-20 10:06:35,0
2756,34,2024-06-20 10:07:10,0
2757,34,2024-06-20 10:07:32,0
2758,36,2024-06-20 10:10:54,0
2760,34,2024-06-20 10:27:56,0
2763,34,2024-06-20 11:08:26,0
2767,36,2024-06-24 08:14:35,0
2771,23,2024-06-24 09:21:32,0
2772,36,2024-06-24 09:49:21,0
2773,22,2024-06-24 09:52:30,0
2775,37,2024-06-24 10:06:47,0
2776,23,2024-06-24 10:11:00,0
2779,36,2024-06-25 08:53:27,0
2782,23,2024-06-25 09:46:11,0
2784,23,2024-06-25 10:08:32,0
2786,36,2024-06-26 08:30:10,0
2787,21,2024-06-26 08:45:28,0
2790,36,2024-06-26 09:12:36,0
2792,23,2024-06-26 09:58:48,0
2793,15,2024-06-26 10:01:13,0
2794,36,2024-06-26 10:37:02,0
2795,36,2024-06-26 12:11:49,0
2798,23,2024-06-27 08:34:02,0
2799,22,2024-06-27 09:22:27,0
2801,21,2024-06-27 09:25:58,0
2802,23,2024-06-27 09:28:11,0
2803,36,2024-06-27 09:59:50,0
2804,15,2024-06-27 11:01:59,0
2807,33,2024-06-28 09:08:33,0
2808,34,2024-06-28 09:20:03,0
2809,23,2024-06-28 09:42:13,0
2810,21,2024-06-28 09:57:47,0
2811,23,2024-06-28 10:53:18,0
2814,23,2024-06-28 11:42:24,0
2817,23,2024-07-01 08:36:40,0
2819,36,2024-07-01 08:38:11,0
2820,36,2024-07-01 11:06:34,0
2821,22,2024-07-01 11:10:58,0
2823,36,2024-07-02 08:40:56,0
2824,22,2024-07-02 09:24:26,0
2825,22,2024-07-02 09:46:11,0
2826,34,2024-07-02 11:26:22,0
2828,34,2024-07-03 09:09:15,0
2831,34,2024-07-03 10:31:48,0
2833,15,2024-07-03 11:31:09,0
2834,15,2024-07-03 11:32:04,0
2835,34,2024-07-04 08:30:27,0
2836,34,2024-07-04 08:49:07,0
2837,15,2024-07-04 09:20:35,0
2839,15,2024-07-05 09:51:57,0
2840,34,2024-07-05 10:37:38,0
2843,15,2024-07-08 08:38:22,0
2844,22,2024-07-08 08:44:31,0
2846,23,2024-07-08 09:06:10,0
2847,23,2024-07-08 09:06:29,0
2849,22,2024-07-08 09:29:25,0
2851,23,2024-07-08 11:12:04,0
2852,34,2024-07-09 08:36:19,0
2854,15,2024-07-09 10:12:52,0
2855,15,2024-07-09 11:00:06,0
2856,22,2024-07-09 11:02:37,0
2857,22,2024-07-09 11:23:38,0
2860,15,2024-07-10 08:48:54,0
2861,34,2024-07-10 09:22:42,0
2862,21,2024-07-10 09:23:08,0
2863,34,2024-07-10 09:49:42,0
2866,34,2024-07-10 11:24:40,0
2867,22,2024-07-10 11:39:04,0
2869,34,2024-07-11 08:23:50,0
2872,34,2024-07-11 09:25:44,0
2873,23,2024-07-11 09:26:21,0
2874,34,2024-07-11 09:35:49,0
2875,34,2024-07-11 09:36:04,0
2878,22,2024-07-11 10:13:30,0
2880,34,2024-07-11 11:45:58,0
2884,15,2024-07-12 09:09:48,0
2885,22,2024-07-12 09:11:22,0
2886,22,2024-07-12 09:12:57,0
2887,34,2024-07-12 09:13:59,0
2889,34,2024-07-15 08:37:55,0
2890,15,2024-07-15 09:35:51,0
2891,34,2024-07-15 09:50:43,0
2893,23,2024-07-15 10:34:52,0
2894,34,2024-07-15 10:35:13,0
2896,34,2024-07-15 11:06:34,0
2897,22,2024-07-15 11:12:05,0
2898,23,2024-07-16 10:44:06,0
2899,34,2024-07-16 10:44:40,0
2900,23,2024-07-16 10:45:32,0
2903,23,2024-07-17 08:43:08,0
2904,15,2024-07-17 09:02:13,0
2905,15,2024-07-17 09:33:03,0
2906,34,2024-07-17 10:42:46,0
2907,15,2024-07-18 08:31:57,0
2908,34,2024-07-18 08:53:16,0
2909,15,2024-07-18 09:01:22,0
2911,23,2024-07-18 09:36:55,0
2912,34,2024-07-18 11:07:33,0
2913,15,2024-07-18 11:39:57,0
2915,23,2024-07-19 08:42:09,0
2916,21,2024-07-22 09:39:48,0
2917,21,2024-07-22 09:40:04,0
2919,23,2024-07-23 08:17:30,0
2923,15,2024-07-23 08:50:26,0
2924,22,2024-07-23 08:52:43,0
2925,23,2024-07-23 09:28:29,0
2926,22,2024-07-23 09:35:37,0
2927,23,2024-07-23 10:03:44,0
2928,34,2024-07-24 09:43:06,0
2929,34,2024-07-24 12:23:13,0
2931,34,2024-07-25 08:35:33,0
2933,23,2024-07-25 09:21:47,0
2935,23,2024-07-29 08:32:06,0
2936,15,2024-07-29 09:00:20,0
2937,15,2024-07-29 09:00:35,0
2938,23,2024-07-29 09:27:06,0
2940,21,2024-07-29 10:39:19,0
2943,23,2024-07-30 08:26:41,0
2944,34,2024-07-30 08:51:54,0
2945,15,2024-07-30 09:10:08,0
2946,34,2024-07-30 09:53:48,0
2947,34,2024-07-30 10:33:31,0
2948,23,2024-07-30 11:42:51,0
2951,21,2024-07-31 09:05:12,0
2952,15,2024-07-31 09:05:54,0
2954,23,2024-07-31 09:58:11,0
2956,34,2024-07-31 10:27:10,0
2957,15,2024-07-31 10:27:54,0
2959,23,2024-08-01 09:04:38,0
2962,34,2024-08-01 10:14:14,0
2963,23,2024-08-01 10:16:21,0
2964,23,2024-08-01 10:35:47,0
2965,23,2024-08-01 10:57:23,0
2966,15,2024-08-01 12:18:00,0
2968,34,2024-08-02 10:10:50,0
2972,34,2024-08-05 08:39:10,0
2973,22,2024-08-05 08:54:57,0
2974,21,2024-08-05 10:08:50,0
2975,15,2024-08-05 10:49:55,0
2976,21,2024-08-06 10:57:55,0
2977,21,2024-08-06 10:58:21,0
2978,21,2024-08-06 10:59:27,0
2980,21,2024-08-06 11:58:39,0
2983,34,2024-08-07 08:19:56,0
2984,21,2024-08-07 10:02:29,0
2986,15,2024-08-07 10:11:59,0
2987,15,2024-08-07 10:39:25,0
2989,21,2024-08-07 11:28:55,0
2991,15,2024-08-07 11:57:17,0
2992,21,2024-08-07 12:00:22,0
2995,15,2024-08-08 08:27:28,0
2998,34,2024-08-08 08:47:19,0
3001,34,2024-08-08 09:20:34,0
3002,21,2024-08-08 09:21:18,0
3003,15,2024-08-08 09:22:46,0
3004,21,2024-08-08 10:28:35,0
3005,34,2024-08-08 11:46:25,0
3007,33,2024-08-09 08:22:08,0
3009,32,2024-08-09 10:03:29,0
3011,33,2024-08-09 10:52:56,0
3015,15,2024-08-12 08:30:50,0
3016,21,2024-08-12 08:32:00,0
3018,21,2024-08-12 08:43:41,0
3019,15,2024-08-12 08:58:19,0
3020,34,2024-08-12 09:08:05,0
3023,21,2024-08-12 09:58:19,0
3024,21,2024-08-12 09:58:52,0
3025,22,2024-08-12 10:00:21,0
3026,34,2024-08-12 10:36:20,0
3028,34,2024-08-12 13:10:19,0
3029,34,2024-08-13 08:19:50,0
3030,15,2024-08-13 08:27:09,0
3032,21,2024-08-13 10:22:33,0
3033,22,2024-08-14 08:20:16,0
3035,21,2024-08-14 08:54:44,0
3037,21,2024-08-14 09:26:26,0
3040,34,2024-08-14 10:38:11,0
3043,15,2024-08-16 09:08:09,0
3045,34,2024-08-16 10:22:06,0
3047,21,2024-08-16 10:29:22,0
3049,21,2024-08-19 08:29:13,0
3050,15,2024-08-19 08:29:45,0
3051,34,2024-08-19 08:30:17,0
3053,34,2024-08-19 09:28:49,0
3054,34,2024-08-19 09:31:29,0
3056,21,2024-08-19 09:45:30,0
3059,34,2024-08-20 08:33:58,0
3060,34,2024-08-20 08:53:19,0
3062,34,2024-08-20 09:19:51,0
3064,15,2024-08-20 09:54:38,0
3067,21,2024-08-21 09:51:10,0
3069,15,2024-08-21 11:35:51,0
3070,21,2024-08-21 12:04:41,0
3071,21,2024-08-22 10:05:54,0
3074,21,2024-08-23 09:56:13,0
3075,21,2024-08-23 11:41:46,0
3078,21,2024-08-26 08:24:48,0
3080,34,2024-08-27 10:40:14,0
3083,15,2024-08-27 11:14:02,0
3084,15,2024-08-27 11:14:38,0
3085,21,2024-08-27 11:22:04,0
3087,21,2024-08-28 08:46:09,0
3088,21,2024-08-28 09:55:21,0
3090,34,2024-08-28 10:19:06,0
3092,21,2024-08-28 10:47:11,0
3094,34,2024-08-28 11:08:23,0
3095,34,2024-08-28 11:16:57,0
3096,21,2024-08-29 09:40:07,0
3097,21,2024-08-29 10:55:53,0
3100,34,2024-08-30 09:05:37,0
3101,34,2024-08-30 09:22:12,0
3103,21,2024-08-30 11:49:24,0
3105,34,2024-09-03 10:04:57,0
3106,34,2024-09-03 10:05:49,0
3108,15,2024-09-03 12:58:01,0
3109,21,2024-09-04 09:00:40,0
3111,21,2024-09-05 09:35:16,0
3112,15,2024-09-05 10:23:50,0
3114,21,2024-09-06 09:08:46,0
3115,34,2024-09-06 11:53:50,0
3117,34,2024-09-09 08:30:28,0
3119,21,2024-09-09 09:21:35,0
3121,15,2024-09-09 10:06:29,0
3123,34,2024-09-09 10:35:20,0
3124,0,2024-09-09 11:17:17,0